{
  "textbook": {
    "Vanilla CP": {
      "mean": 0.899504,
      "std": 0.01913995778469745
    },
    "LWCP": {
      "mean": 0.899618,
      "std": 0.01909141367211974
    }
  },
  "heavy_tailed": {
    "Vanilla CP": {
      "mean": 0.899852,
      "std": 0.018932567073696067
    },
    "LWCP": {
      "mean": 0.89979,
      "std": 0.0188902064573154
    }
  },
  "polynomial": {
    "Vanilla CP": {
      "mean": 0.899646,
      "std": 0.019645831211735496
    },
    "LWCP": {
      "mean": 0.8996980000000001,
      "std": 0.0196629803437831
    }
  },
  "homoscedastic": {
    "Vanilla CP": {
      "mean": 0.899504,
      "std": 0.01915938370616342
    },
    "LWCP": {
      "mean": 0.899486,
      "std": 0.01900936095717056
    }
  },
  "adversarial": {
    "Vanilla CP": {
      "mean": 0.89962,
      "std": 0.018980611159812543
    },
    "LWCP": {
      "mean": 0.899522,
      "std": 0.019060522448243657
    }
  },
  "nonlinear": {
    "Vanilla CP": {
      "mean": 0.899694,
      "std": 0.018984371572427685
    },
    "LWCP": {
      "mean": 0.8995920000000001,
      "std": 0.018808762213394066
    }
  }
}