{
  "textbook": {
    "Vanilla CP": {
      "mean": 3.661411169530403,
      "std": 0.14946815679826178
    },
    "LWCP": {
      "mean": 3.660371410403544,
      "std": 0.15121830994351343
    },
    "ratio": 0.999716022298858
  },
  "heavy_tailed": {
    "Vanilla CP": {
      "mean": 3.1087598253482644,
      "std": 0.25249532156328475
    },
    "LWCP": {
      "mean": 3.1052082012514166,
      "std": 0.25290393735500377
    },
    "ratio": 0.9988575431051674
  },
  "polynomial": {
    "Vanilla CP": {
      "mean": 3.401226729526404,
      "std": 0.13637034233533174
    },
    "LWCP": {
      "mean": 3.397663727153155,
      "std": 0.13495571315299573
    },
    "ratio": 0.9989524360895091
  },
  "homoscedastic": {
    "Vanilla CP": {
      "mean": 3.474165749192796,
      "std": 0.1444611950029073
    },
    "LWCP": {
      "mean": 3.474695738030961,
      "std": 0.14259539265741245
    },
    "ratio": 1.0001525513969183
  },
  "adversarial": {
    "Vanilla CP": {
      "mean": 3.6949294149406104,
      "std": 0.15378714312347602
    },
    "LWCP": {
      "mean": 3.69395553032738,
      "std": 0.15348586234563688
    },
    "ratio": 0.9997364267340826
  },
  "nonlinear": {
    "Vanilla CP": {
      "mean": 3.7908140446592635,
      "std": 0.16682907674309996
    },
    "LWCP": {
      "mean": 3.7883106681924015,
      "std": 0.1640322531522401
    },
    "ratio": 0.9993396203460866
  }
}