{
  "Textbook (heteroscedastic)": {
    "Vanilla CP": {
      "coverage": [
        0.98961,
        0.9788099999999998,
        0.9488499999999999,
        0.89744,
        0.8467699999999999,
        0.7978799999999998,
        0.70006
      ],
      "width": [
        5.789258153869498,
        5.178809829626215,
        4.359794758211802,
        3.661411169530403,
        3.199377219326134,
        2.8545464078847247,
        2.3111397714870145
      ]
    },
    "LWCP": {
      "coverage": [
        0.98988,
        0.97881,
        0.9487799999999998,
        0.8974599999999999,
        0.8468000000000001,
        0.79797,
        0.7
      ],
      "width": [
        5.781019331072547,
        5.175507706884579,
        4.351086755627557,
        3.660371410403544,
        3.1971798268191765,
        2.8546211803700463,
        2.3119895689881598
      ]
    }
  },
  "Homoscedastic (null)": {
    "Vanilla CP": {
      "coverage": [
        0.98984,
        0.9788399999999998,
        0.94887,
        0.89736,
        0.8467199999999999,
        0.7978999999999999,
        0.7000700000000001
      ],
      "width": [
        5.490036144000842,
        4.911007560838156,
        4.130831554271681,
        3.474165749192796,
        3.035135435223681,
        2.7086139899649955,
        2.1946779405748145
      ]
    },
    "LWCP": {
      "coverage": [
        0.99005,
        0.97886,
        0.94876,
        0.89742,
        0.84737,
        0.79801,
        0.70013
      ],
      "width": [
        5.495054747252811,
        4.913733014968837,
        4.127915400294415,
        3.474695738030961,
        3.0349715560247073,
        2.710025111912236,
        2.196865248822134
      ]
    }
  }
}