{
  "g(h) = 1+h": {
    "Vanilla CP": {
      "coverage": 0.89744,
      "width": 3.661411169530403
    },
    "LWCP": {
      "coverage": 0.8974599999999999,
      "width": 3.660371410403544
    }
  },
  "g(h) = 1+5h": {
    "Vanilla CP": {
      "coverage": 0.89758,
      "width": 4.326939458861009
    },
    "LWCP": {
      "coverage": 0.8973099999999999,
      "width": 4.322380417035348
    }
  },
  "g(h) = 1": {
    "Vanilla CP": {
      "coverage": 0.89736,
      "width": 3.474165749192796
    },
    "LWCP": {
      "coverage": 0.89742,
      "width": 3.474695738030961
    }
  },
  "Var ~ ||X||^2": {
    "Vanilla CP": {
      "coverage": 0.8973400000000001,
      "width": 3.6949294149406104
    },
    "LWCP": {
      "coverage": 0.8970400000000001,
      "width": 3.69395553032738
    }
  }
}