{
  "Textbook": {
    "Vanilla CP": {
      "coverage": 0.8971400000000002,
      "coverage_std": 0.020254885830337344,
      "width": 3.659447675088464,
      "width_std": 0.15165027013501972,
      "msce": 0.0021891999999999997,
      "msce_std": 0.0010365458793512234,
      "wsc": 0.8253999999999999,
      "wsc_std": 0.035872552181298714,
      "time": 0.000953982857754454
    },
    "LWCP": {
      "coverage": 0.8973599999999999,
      "coverage_std": 0.020387996468510597,
      "width": 3.661754463516922,
      "width_std": 0.15229215003338845,
      "msce": 0.0021528,
      "msce_std": 0.0010185696637933024,
      "wsc": 0.8269999999999998,
      "wsc_std": 0.03766961640367472,
      "time": 0.0009521774365566671
    },
    "CQR": {
      "coverage": 0.9003200000000001,
      "coverage_std": 0.017778008887386697,
      "width": 5.613081833384597,
      "width_std": 0.5590090082229163,
      "msce": 0.0022903999999999993,
      "msce_std": 0.0010816671576783685,
      "wsc": 0.8226,
      "wsc_std": 0.03506051910625396,
      "time": 0.16776091001811438
    },
    "Studentized CP": {
      "coverage": 0.8998,
      "coverage_std": 0.020284969805252375,
      "width": 3.840022468347986,
      "width_std": 0.19136110667153902,
      "msce": 0.0021464,
      "msce_std": 0.0012616461627572137,
      "wsc": 0.8287999999999998,
      "wsc_std": 0.03766377570026669,
      "time": 0.1292933137214277
    },
    "Localized CP": {
      "coverage": 0.8949200000000002,
      "coverage_std": 0.020243359404999967,
      "width": 3.6418030469216034,
      "width_std": 0.15084566567124402,
      "msce": 0.00226,
      "msce_std": 0.0011768228413826787,
      "wsc": 0.8217999999999998,
      "wsc_std": 0.03837655534307371,
      "time": 0.022684971269918607
    }
  },
  "Polynomial": {
    "Vanilla CP": {
      "coverage": 0.8978400000000002,
      "coverage_std": 0.020093143109031018,
      "width": 3.3997041940472292,
      "width_std": 0.1364825285699498,
      "msce": 0.0020783999999999998,
      "msce_std": 0.0010867481032879702,
      "wsc": 0.8264000000000001,
      "wsc_std": 0.03761701742562799,
      "time": 0.00042945863562636076
    },
    "LWCP": {
      "coverage": 0.8980800000000002,
      "coverage_std": 0.02041160454251455,
      "width": 3.3969100847061817,
      "width_std": 0.1367390125939277,
      "msce": 0.0020071999999999993,
      "msce_std": 0.0010785231383702444,
      "wsc": 0.8298000000000001,
      "wsc_std": 0.03789406285950346,
      "time": 0.00043464359594509006
    },
    "CQR": {
      "coverage": 0.8996199999999999,
      "coverage_std": 0.019234749803415708,
      "width": 4.081046491713123,
      "width_std": 0.18533372893619537,
      "msce": 0.0022491999999999994,
      "msce_std": 0.001032958547086959,
      "wsc": 0.8268000000000001,
      "wsc_std": 0.03890706876648509,
      "time": 0.13214912829338574
    },
    "Studentized CP": {
      "coverage": 0.90108,
      "coverage_std": 0.01760095451957082,
      "width": 4.786964750572187,
      "width_std": 0.34086156537655976,
      "msce": 0.0032167999999999993,
      "msce_std": 0.0016134056402529403,
      "wsc": 0.8033999999999999,
      "wsc_std": 0.04883072803061612,
      "time": 0.08434409794223029
    },
    "Localized CP": {
      "coverage": 0.8942600000000002,
      "coverage_std": 0.021034552526735643,
      "width": 3.366255167441572,
      "width_std": 0.13408508884294784,
      "msce": 0.0021436,
      "msce_std": 0.001260553465744314,
      "wsc": 0.8238,
      "wsc_std": 0.03759734033146493,
      "time": 0.017268636162625625
    }
  },
  "Adversarial": {
    "Vanilla CP": {
      "coverage": 0.8971000000000001,
      "coverage_std": 0.020904305776561927,
      "width": 3.6929541114263036,
      "width_std": 0.15893384126346896,
      "msce": 0.0021972,
      "msce_std": 0.0010353473619998273,
      "wsc": 0.8247999999999999,
      "wsc_std": 0.03869056732589998,
      "time": 0.0009472848870791495
    },
    "LWCP": {
      "coverage": 0.8970200000000002,
      "coverage_std": 0.020481201136652128,
      "width": 3.6938646843636223,
      "width_std": 0.1562041110213896,
      "msce": 0.0021172,
      "msce_std": 0.0010253624529891862,
      "wsc": 0.8271999999999998,
      "wsc_std": 0.038420827684993976,
      "time": 0.0009533774707233534
    },
    "CQR": {
      "coverage": 0.90184,
      "coverage_std": 0.017208556011472913,
      "width": 5.643331123621709,
      "width_std": 0.5506154045370641,
      "msce": 0.0022215999999999994,
      "msce_std": 0.0010193240112937596,
      "wsc": 0.8256,
      "wsc_std": 0.036340610891948406,
      "time": 0.16753116333216894
    },
    "Studentized CP": {
      "coverage": 0.8989199999999999,
      "coverage_std": 0.0213586890983506,
      "width": 3.8832555612939372,
      "width_std": 0.19386314294282767,
      "msce": 0.002204,
      "msce_std": 0.0013750752706670288,
      "wsc": 0.8278,
      "wsc_std": 0.039688285425298994,
      "time": 0.13105784158397
    },
    "Localized CP": {
      "coverage": 0.8945000000000001,
      "coverage_std": 0.02042033300414077,
      "width": 3.6682875507623374,
      "width_std": 0.15367132039834877,
      "msce": 0.0022652,
      "msce_std": 0.0011708547988542395,
      "wsc": 0.8218,
      "wsc_std": 0.040109350530767744,
      "time": 0.022694822876364925
    }
  }
}