{
  "10": {
    "Exact": 0.90062,
    "Approx (k=10)": 0.90062,
    "Approx (k=5)": 0.90036,
    "Approx (k=2)": 0.90065
  },
  "30": {
    "Exact": 0.89756,
    "Approx (k=30)": 0.89756,
    "Approx (k=15)": 0.8979699999999999,
    "Approx (k=7)": 0.89788
  },
  "50": {
    "Exact": 0.90113,
    "Approx (k=50)": 0.90113,
    "Approx (k=25)": 0.9013,
    "Approx (k=12)": 0.90137
  },
  "100": {
    "Exact": 0.8990800000000001,
    "Approx (k=100)": 0.8990800000000001,
    "Approx (k=50)": 0.9000400000000001,
    "Approx (k=25)": 0.90007
  },
  "epsilon": {
    "10": {
      "k=10": {
        "epsilon_mean": 1.38682593735021e-15,
        "epsilon_max": 3.2536545802173492e-15,
        "gap_exact": 0.0332,
        "gap_approx": 0.0332,
        "gap_diff": 0.0
      },
      "k=5": {
        "epsilon_mean": 0.7248099212004013,
        "epsilon_max": 0.9514322698571187,
        "gap_exact": 0.0332,
        "gap_approx": 0.03380000000000001,
        "gap_diff": 0.0006000000000000102
      },
      "k=2": {
        "epsilon_mean": 0.8826096157483816,
        "epsilon_max": 0.9987041861527752,
        "gap_exact": 0.0332,
        "gap_approx": 0.03540000000000001,
        "gap_diff": 0.0022000000000000075
      }
    },
    "30": {
      "k=30": {
        "epsilon_mean": 1.6315841221890766e-15,
        "epsilon_max": 2.693203451878864e-15,
        "gap_exact": 0.0355,
        "gap_approx": 0.0355,
        "gap_diff": 0.0
      },
      "k=15": {
        "epsilon_mean": 0.7506367591851861,
        "epsilon_max": 0.8994018194294505,
        "gap_exact": 0.0355,
        "gap_approx": 0.03930000000000001,
        "gap_diff": 0.0038000000000000117
      },
      "k=7": {
        "epsilon_mean": 0.8849095730982889,
        "epsilon_max": 0.9796509416191952,
        "gap_exact": 0.0355,
        "gap_approx": 0.042199999999999994,
        "gap_diff": 0.006699999999999998
      }
    },
    "50": {
      "k=50": {
        "epsilon_mean": 1.7387929467210545e-15,
        "epsilon_max": 3.2055304121632733e-15,
        "gap_exact": 0.03859999999999999,
        "gap_approx": 0.03859999999999999,
        "gap_diff": 0.0
      },
      "k=25": {
        "epsilon_mean": 0.7646737740847728,
        "epsilon_max": 0.9136055798147967,
        "gap_exact": 0.03859999999999999,
        "gap_approx": 0.04970000000000001,
        "gap_diff": 0.01110000000000002
      },
      "k=12": {
        "epsilon_mean": 0.8893559411890278,
        "epsilon_max": 0.9580719434559697,
        "gap_exact": 0.03859999999999999,
        "gap_approx": 0.05229999999999999,
        "gap_diff": 0.013700000000000004
      }
    },
    "100": {
      "k=100": {
        "epsilon_mean": 2.0813127869257946e-15,
        "epsilon_max": 3.461097315388489e-15,
        "gap_exact": 0.0366,
        "gap_approx": 0.0366,
        "gap_diff": 0.0
      },
      "k=50": {
        "epsilon_mean": 0.8537897080758912,
        "epsilon_max": 0.9024844837092995,
        "gap_exact": 0.0366,
        "gap_approx": 0.06149999999999999,
        "gap_diff": 0.02489999999999999
      },
      "k=25": {
        "epsilon_mean": 0.9320964835687248,
        "epsilon_max": 0.9667425339681038,
        "gap_exact": 0.0366,
        "gap_approx": 0.06389999999999998,
        "gap_diff": 0.027299999999999984
      }
    }
  }
}