{
  "n_values": [
    200,
    500,
    1000,
    2000,
    5000
  ],
  "p_values": [
    5,
    20,
    50,
    100
  ],
  "gap_matrix": [
    [
      0.2003333333333334,
      0.1330441176470588,
      0.0999144385026738,
      0.07248801447308911,
      0.044725849505807665
    ],
    [
      0.20423809523809536,
      0.1383235294117647,
      0.1027023172905526,
      0.06662957937584803,
      0.044774908015294705
    ],
    [
      NaN,
      0.13011029411764705,
      0.10450980392156865,
      0.07221257349615559,
      0.043731332515691515
    ],
    [
      NaN,
      NaN,
      0.10104099821746881,
      0.07136227951153325,
      0.04480261164418153
    ]
  ]
}