{
  "lwcp_plus": {
    "Vanilla": {
      "cov": 0.9068500000000002,
      "gap": 0.05925,
      "width": 3.9889132294491794
    },
    "LWCP": {
      "cov": 0.9064500000000001,
      "gap": 0.05824999999999998,
      "width": 3.982173582965865
    },
    "LWCP+": {
      "cov": 0.9048,
      "gap": 0.05550000000000001,
      "width": 4.443809369196108
    }
  },
  "lambda_sweep": {
    "0.01": {
      "vanilla_gap": 0.064,
      "lwcp_gap": 0.055999999999999994
    },
    "0.1": {
      "vanilla_gap": 0.0585,
      "lwcp_gap": 0.05375
    },
    "1.0": {
      "vanilla_gap": 0.05925,
      "lwcp_gap": 0.05824999999999998
    },
    "10.0": {
      "vanilla_gap": 0.05850000000000002,
      "lwcp_gap": 0.05625
    },
    "100.0": {
      "vanilla_gap": 0.04924999999999999,
      "lwcp_gap": 0.04924999999999999
    }
  },
  "heteroscedastic": {
    "Vanilla": 0.07200000000000001,
    "LWCP": 0.05849999999999999
  }
}