{
  "Diabetes": {
    "Vanilla CP": {
      "coverage": 0.9086142322097378,
      "coverage_std": 0.04017104922184846,
      "width": 189.41773304371125,
      "width_std": 11.31227030277056,
      "cond_gap": 0.06111111111111111,
      "cond_gap_std": 0.03888888888888889,
      "msce": 0.008947916666666668,
      "msce_std": 0.004581742883310047,
      "wsc": 0.7620370370370373,
      "wsc_std": 0.08847802421039691,
      "time": 0.00048555410273062687
    },
    "LWCP": {
      "coverage": 0.906741573033708,
      "coverage_std": 0.0404234206796465,
      "width": 189.06808648029525,
      "width_std": 11.236462982313466,
      "cond_gap": 0.06666666666666667,
      "cond_gap_std": 0.04625924443258072,
      "msce": 0.00903022119341564,
      "msce_std": 0.004390132790300169,
      "wsc": 0.7620370370370373,
      "wsc_std": 0.08847802421039691,
      "time": 0.00045075547338152924
    },
    "LWCP+": {
      "coverage": 0.9097378277153559,
      "coverage_std": 0.04014485127822035,
      "width": 212.16774830504227,
      "width_std": 21.331581956184912,
      "cond_gap": 0.059259259259259255,
      "cond_gap_std": 0.0624159242457508,
      "msce": 0.009216177983539095,
      "msce_std": 0.005685454640402484,
      "wsc": 0.7444444444444447,
      "wsc_std": 0.1054458494227906,
      "time": 0.039527172135422006
    },
    "CQR-GBR": {
      "coverage": 0.9089887640449438,
      "coverage_std": 0.04917789830749699,
      "width": 201.55243567417224,
      "width_std": 12.376499696406459,
      "cond_gap": 0.0685185185185185,
      "cond_gap_std": 0.05680689500065912,
      "msce": 0.010180041152263375,
      "msce_std": 0.007165036189765807,
      "wsc": 0.7583333333333334,
      "wsc_std": 0.10761872571005841,
      "time": 0.17390483480218488
    },
    "Studentized CP": {
      "coverage": 0.8966292134831461,
      "coverage_std": 0.045907276242830156,
      "width": 191.79508705743686,
      "width_std": 17.250386392453663,
      "cond_gap": 0.07407407407407406,
      "cond_gap_std": 0.05037581669902016,
      "msce": 0.011497299382716049,
      "msce_std": 0.006750371102696253,
      "wsc": 0.713888888888889,
      "wsc_std": 0.10809565570314565,
      "time": 0.08644840973623408
    },
    "Localized CP": {
      "coverage": 0.8928838951310859,
      "coverage_std": 0.04584612358981081,
      "width": 182.26101408164837,
      "width_std": 11.93970434454772,
      "cond_gap": 0.0611111111111111,
      "cond_gap_std": 0.043861923267877814,
      "msce": 0.010917952674897117,
      "msce_std": 0.005122201706697547,
      "wsc": 0.713425925925926,
      "wsc_std": 0.0822837711740794,
      "time": 0.0019751583400648086
    },
    "_eta_hat": 0.6740292999306426
  },
  "CPU Activity": {
    "Vanilla CP": {
      "coverage": 0.9013626194834249,
      "coverage_std": 0.009054231966464113,
      "width": 21.75037304947174,
      "width_std": 0.8755517338147996,
      "cond_gap": 0.18800813008130077,
      "cond_gap_std": 0.025524118009675797,
      "msce": 0.0063739976245315525,
      "msce_std": 0.0012327979543621346,
      "wsc": 0.7508130081300812,
      "wsc_std": 0.02815169055801756,
      "time": 0.003831019332089151
    },
    "LWCP": {
      "coverage": 0.9011795810453528,
      "coverage_std": 0.008969067931696353,
      "width": 21.752099115162377,
      "width_std": 0.8630868368469865,
      "cond_gap": 0.186280487804878,
      "cond_gap_std": 0.02570575792467238,
      "msce": 0.006270349537617573,
      "msce_std": 0.0012391107791813074,
      "wsc": 0.7524390243902439,
      "wsc_std": 0.027835883440276436,
      "time": 0.0038142430402028065
    },
    "LWCP+": {
      "coverage": 0.9010168802115112,
      "coverage_std": 0.009610481027549954,
      "width": 20.719283784858952,
      "width_std": 0.6359401201558819,
      "cond_gap": 0.06869918699186993,
      "cond_gap_std": 0.01914888733872175,
      "msce": 0.0014669604023486763,
      "msce_std": 0.0004597230937777874,
      "wsc": 0.8310589056810813,
      "wsc_std": 0.024833127860383095,
      "time": 0.13166570139389175
    },
    "CQR-GBR": {
      "coverage": 0.9006304657311368,
      "coverage_std": 0.010555667226421882,
      "width": 11.694292932902776,
      "width_std": 0.46190867781113526,
      "cond_gap": 0.04136178861788621,
      "cond_gap_std": 0.021611005931422296,
      "msce": 0.0009424413413606813,
      "msce_std": 0.0004604093225727409,
      "wsc": 0.845528455284553,
      "wsc_std": 0.028484305758300573,
      "time": 3.6275516610301564
    },
    "Studentized CP": {
      "coverage": 0.9024811877160871,
      "coverage_std": 0.010439056700191738,
      "width": 19.58713709216791,
      "width_std": 0.6361902510084053,
      "cond_gap": 0.08150406504065041,
      "cond_gap_std": 0.02258202343468481,
      "msce": 0.001825306015375303,
      "msce_std": 0.0007035020880553685,
      "wsc": 0.8193089430894307,
      "wsc_std": 0.029600223705907192,
      "time": 0.6694185014639515
    },
    "Localized CP": {
      "coverage": 0.8861500915192192,
      "coverage_std": 0.008998235035502473,
      "width": 21.204627147729624,
      "width_std": 0.7383150954375097,
      "cond_gap": 0.16199186991869916,
      "cond_gap_std": 0.029016674750504668,
      "msce": 0.005838746873243001,
      "msce_std": 0.0013001923390867597,
      "wsc": 0.7441056910569106,
      "wsc_std": 0.028534297964980446,
      "time": 0.1705286361684557
    },
    "_eta_hat": 2.9561457370996767
  },
  "Superconductor": {
    "Vanilla CP": {
      "coverage": 0.9003055947343678,
      "coverage_std": 0.006774110649376589,
      "width": 57.83306859219416,
      "width_std": 0.6824296241868957,
      "cond_gap": 0.11989586034289035,
      "cond_gap_std": 0.012350059899953659,
      "msce": 0.002782513978936552,
      "msce_std": 0.0005093818442225721,
      "wsc": 0.8083292851391326,
      "wsc_std": 0.015970926071252365,
      "time": 0.07925819303491152
    },
    "LWCP": {
      "coverage": 0.9002742516846889,
      "coverage_std": 0.006951610911338683,
      "width": 57.89270819323399,
      "width_std": 0.7121496913262821,
      "cond_gap": 0.12201101897978811,
      "cond_gap_std": 0.012563283767859234,
      "msce": 0.0028517722632012874,
      "msce_std": 0.00054579205051638,
      "wsc": 0.8069193598083839,
      "wsc_std": 0.016331148310094846,
      "time": 0.055596987563573445
    },
    "LWCP+": {
      "coverage": 0.899059708509638,
      "coverage_std": 0.0055633692453612785,
      "width": 44.36984373788443,
      "width_std": 0.7430006693510316,
      "cond_gap": 0.017707833369192825,
      "cond_gap_std": 0.011733457366731611,
      "msce": 0.0005059186313650546,
      "msce_std": 0.00022906678545555435,
      "wsc": 0.859240186904124,
      "wsc_std": 0.012862978546824196,
      "time": 1.1095373999637863
    },
    "CQR-GBR": {
      "coverage": 0.8981742673562139,
      "coverage_std": 0.007979811338664133,
      "width": 45.04342553438096,
      "width_std": 0.6724648941956032,
      "cond_gap": 0.015043932481164587,
      "cond_gap_std": 0.012576002024268616,
      "msce": 0.0003220892617059245,
      "msce_std": 0.0001506764372974789,
      "wsc": 0.8715896019263476,
      "wsc_std": 0.0139245513949603,
      "time": 43.00616734996826
    },
    "Studentized CP": {
      "coverage": 0.9005249960821189,
      "coverage_std": 0.005601474112039984,
      "width": 42.31442834081732,
      "width_std": 0.6637800900498723,
      "cond_gap": 0.02013588910404586,
      "cond_gap_std": 0.012842257616169044,
      "msce": 0.0005531539530359771,
      "msce_std": 0.00026307300817833275,
      "wsc": 0.8604401221938378,
      "wsc_std": 0.01587145349212483,
      "time": 7.261017688903181
    },
    "Localized CP": {
      "coverage": 0.9146450399623886,
      "coverage_std": 0.0062738038739488045,
      "width": 58.8467734655804,
      "width_std": 0.629768357205405,
      "cond_gap": 0.08934458034274322,
      "cond_gap_std": 0.014920860654536823,