{
  "Textbook (linear)": {
    "Vanilla CP (OLS)": {
      "coverage": 0.8971400000000002,
      "coverage_std": 0.020254885830337344,
      "width": 3.659447675088464,
      "width_std": 0.15165027013501972,
      "cond_gap": 0.02970000000000006,
      "time": 0.0011387899576220661
    },
    "LWCP (OLS)": {
      "coverage": 0.8973599999999999,
      "coverage_std": 0.020387996468510597,
      "width": 3.661754463516922,
      "width_std": 0.15229215003338845,
      "cond_gap": 0.016599999999999948,
      "time": 0.0010262078192317858
    },
    "Vanilla CP (RF)": {
      "coverage": 0.9020600000000002,
      "coverage_std": 0.017079707257444437,
      "width": 5.328864364807216,
      "width_std": 0.4884141195728204,
      "cond_gap": 0.08429999999999993,
      "time": 0.1203064133413136
    },
    "LWCP raw-X (RF)": {
      "coverage": 0.9016000000000001,
      "coverage_std": 0.017017637908946125,
      "width": 5.313213323800085,
      "width_std": 0.48438120346161934,
      "cond_gap": 0.07289999999999996,
      "time": 0.11842928334488534
    },
    "Vanilla CP (MLP)": {
      "coverage": 0.89756,
      "coverage_std": 0.01846635860152186,
      "width": 3.980704417491614,
      "width_std": 0.22514356978263006,
      "cond_gap": 0.045599999999999974,
      "time": 0.0557635809207568
    },
    "LWCP last-layer (MLP)": {
      "coverage": 0.8971399999999999,
      "coverage_std": 0.01818187009083501,
      "width": 3.9951148065376776,
      "width_std": 0.23272851732414687,
      "cond_gap": 0.03500000000000003,
      "time": 0.05616528418730013
    },
    "Studentized CP (RF)": {
      "coverage": 0.90074,
      "coverage_std": 0.018511952895359268,
      "width": 5.505731945144753,
      "width_std": 0.5128134935971389,
      "cond_gap": 0.009899999999999909,
      "time": 0.2668848753825296
    }
  },
  "Non-linear (\u03a3sin)": {
    "Vanilla CP (OLS)": {
      "coverage": 0.8987000000000002,
      "coverage_std": 0.01873686206385691,
      "width": 3.7947130433510217,
      "width_std": 0.1654753434635285,
      "cond_gap": 0.04169999999999996,
      "time": 0.0011975020280806349
    },
    "LWCP (OLS)": {
      "coverage": 0.8982600000000001,
      "coverage_std": 0.018368788746131307,
      "width": 3.79127970455181,
      "width_std": 0.16231571331089736,
      "cond_gap": 0.02849999999999997,
      "time": 0.0011235808511264622
    },
    "Vanilla CP (RF)": {
      "coverage": 0.90018,
      "coverage_std": 0.016565252790102552,
      "width": 5.364320686137037,
      "width_std": 0.20967391511981706,
      "cond_gap": 0.07640000000000002,
      "time": 0.11647979736560955
    },
    "LWCP raw-X (RF)": {
      "coverage": 0.90054,
      "coverage_std": 0.01766319336926368,
      "width": 5.357920834816081,
      "width_std": 0.21227661636763373,
      "cond_gap": 0.0645,
      "time": 0.11417070540890563
    },
    "Vanilla CP (MLP)": {
      "coverage": 0.8996000000000001,
      "coverage_std": 0.01729739864835174,
      "width": 4.05476284699185,
      "width_std": 0.26241479364935955,
      "cond_gap": 0.04910000000000003,
      "time": 0.05400560657028109
    },
    "LWCP last-layer (MLP)": {
      "coverage": 0.8997000000000003,
      "coverage_std": 0.01724499927515222,
      "width": 4.061827352560389,
      "width_std": 0.2652571590302443,
      "cond_gap": 0.035800000000000054,
      "time": 0.054118602448143066
    },
    "Studentized CP (RF)": {
      "coverage": 0.89932,
      "coverage_std": 0.018049310236128154,
      "width": 5.5830073446223185,
      "width_std": 0.25759087791220464,
      "cond_gap": 0.000300000000000078,
      "time": 0.2548521724122111
    }
  }
}